Width,Length,Thickness,Weight,class
73.78,117.65,62.81,283,medium
68.72,108.02,60.15,253,medium
73.22,120.63,65.35,330,Large
73.0,118.01,62.75,310,Large
73.36,124.01,61.21,339,Large
76.67,118.0,67.53,351,Extra Large
69.73,106.52,62.62,270,medium
69.67,102.8,64.4,255,medium
79.49,113.89,66.09,340,Large
79.76,132.18,72.33,439,Extra Large
70.24,117.7,65.36,293,medium
